judge_id,name
501,aaron menard
3,abe belardo
8,adalaide byrd
523,adrian castro
336,adriana beltran
484,ahmed korchi
11,al lefkowitz
275,aladin martinez
340,albert shen
24,alejandro rochin
341,alessandro vieira
411,alexius phoenix
490,alice downs
377,anders ohlsson
313,andreas gruner
348,andrew adkins
115,andrew hopper jr.
282,andy haigh
39,andy roberts
193,anthony dimitriou
90,anthony maness
72,anthony townsend
57,barry foley
207,barry luxenberg
230,ben cartlidge
314,ben ramirez
223,benoit roussel
462,bladimir puga
458,blake grice
431,bob leblanc
511,bobby harris
372,brad frank
356,brandon mason
294,brandon saucedo
172,brent colflesh
320,brett hinde
263,brian beauchamp
204,brian costello
248,brian puccillo
536,brian tyler 
540,bruce huckfeldt
258,bruce rasmussen
344,bryan miner
381,cameron quinn
62,cardo urso
1,cecil peoples
398,cezary wojciechowski
196,charlie keech
403,chris aliendi
451,chris bolinski
492,chris crail
153,chris flores
417,chris hayes
268,chris kinman
517,chris leben
17,chris lee
339,chris reed
504,christophe chapuis
403,christopher aliendi
439,christopher doyle
534,christopher edgehill
319,christopher shen
247,clay goodman
461,clayton weich
364,clemens werner
301,craig smith
105,curtis thrasher
18,dalby shirley
515,damien gluski
361,dan furse
155,dan mathisen
495,dan miragliotta
99,dan stell
449,daniel torres
123,danny de alejandro
442,darryl porter
486,darryl ransom
416,dave bruce
16,dave hagen
106,dave tirelli
473,david braslow
390,david brogan
85,david douglas
474,david ebert
136,david ginsberg
529,david hudson
510,david huyette
460,david lethaby
342,david sutherland
140,david therien
527,dean abeyta
226,dean weir
434,declan woods
360,dennis mcmahon
307,dennis o'connell
200,derek cleary
368,dominic carolei
343,don balas
303,don robinson
250,don turnage
20,douglas crosby
347,drew long
22,eddie millis
233,edward collantes
502,eliot kelly
281,eliseo rodriguez
252,ellis moore
317,elvis bello
433,emile arsenault
32,eric colon
497,eric curcio
479,ester lopez
323,evan field
367,fabio alves
518,felicia oh
325,felipe frank
305,fernando moura
337,frank collazo
182,gabe barahona
68,gabriel sabaitis
297,garth harriman
15,gene lebell
384,gerald ritter
264,gino garcia
401,giovanni lemm
237,glenn hamada
10,glenn trowbridge
262,graham bettes
445,greg divilbiss
186,greg jackson
391,greg monskie
366,guadalupe chapa
234,guilherme bravo
541,guy girard
528,hadi mohamed ali
132,hale hilsabeck
308,hallison pontes
40,hector gomez
42,hector hernandez
335,hector maldonado
91,henry guery
441,herb dean
520,horacio lopez
46,howard hughes
482,howard reichbach
321,howie booth
376,hubert earle
302,ian bridgeman
494,ivan guzman
185,jackie denkin
290,jacob montalvo
351,jadranko cacic
512,jake maxim
358,james corbett
435,james locke
168,jason darrah
522,jason grenier
477,jason herzog
408,jason mccoy
235,jason rodgers
499,jason stafin
533,jason tatlow
415,jay stafin
12,jeff collins
359,jeff dutcher
4,jeff mullen
491,jeff rexroad
306,jennie cardenas
488,jerin valel
299,jespar gunnarson
447,jim sarratt
388,jody dorchester
424,joe doherty
59,joe garcia
291,joe soliz
498,joel ojeda
287,john cooper
170,john lapcevic
187,john mccarthy
257,john newburg
108,jon bilyk
357,jon marigliano
19,jon schorle
537,jonathan romero
326,jordan bass
378,jorgen segerlind
211,jose tabora
324,joseph terrell
539,josh stewart
338,joshua ferraro
70,junichiro kamijo
329,justin brown
27,kelvin caldwell
201,ken coffey
478,kenny ortiz
76,kent basinger
514,kerri rowland
80,kerry hatley
446,kevin chamion
333,kevin dornan
374,kevin hancock
454,kevin james
404,kevin manderson
157,kon papaioannou
426,kristy gynan
438,kyle costello
219,kyle shiely
141,larry landless
440,larry struck
295,lars borssen
480,lereapii taia
9,lester griffin
481,lisa cuellar
400,luc belhumeur
278,luc lefebvre
531,ludovic dandine
102,luis cobian
428,lukasz bosacki
395,lukasz porebski
382,luke hill
469,macel varella
331,maciej motylewski
452,madelein fagerlind
470,magomed magomedov
345,maimunah querido
524,mamunah querido
312,mans nilsson
493,marcel valera
418,marcelo vilhena
272,marco borges
5,marcos rosales
427,maria makhmutova
516,mark christie
205,mark collett
322,mark craig
383,mark rodgers
285,mark sanchez
167,mark smith
58,mark van tine
355,matt janecek
525,matt jones
425,matt prieto
455,matthew mesardjian
228,michael bell
202,michael depasquale
505,michael tate
212,michelle agustin
466,michelle olney
508,mick meany
385,miguel jimenez
43,mike barry
228,mike bell
142,mike beltran
293,mike guingona
450,mike mcneil
310,mike mena
421,mike mikkelsen
363,mitchell cadlick
530,mongi zitouni
406,munah holland
327,myron gaudet
271,nate mann
2,nelson hamilton
412,nick mahmood
457,nick palmer
456,nick vogel
127,nick wright
463,nicolaj bulow
453,nikki messer
129,otto torriero
56,pasquale procopio
7,patricia morse-jarman
437,patricia vandermeer
371,patrick buckley
369,patrick goulah
124,patrick patlan
432,paul deiron
51,paul sutherland
352,pawel harasim
413,pedro claudio
459,perry hillin
225,peter hickmont
350,peter lavery
346,phil rogers
379,phillipe iorio
507,rafael ferreira
97,ralph mcknight
519,raphael davis
332,raphael vogt
23,raul porrata
521,raul salas
214,ray balewicz
203,ricardo almeida
83,rich green
362,rich montanez
31,richard bertrand
209,richard davis
465,richie gerrard
112,rick campos
146,rick winter
380,ritchie gerard
328,rob francis
526,rob pope
181,robbie scheuermann
476,robert alexander
386,robert donahue
304,robert macavoy
125,robin williams
373,ron mann
315,ron mccarthy
399,ron rodriquez
509,ross swanberg
13,roy silbert
78,ruben carrion
238,ryan shea
14,sal d'amato
513,sal ram
370,saleem haniff
316,scott howard
420,scott marker
387,sean gerke
500,seth fuller
354,shawn ruml
100000000,solimar miranda
535,solimar miranda
75,steve armstrong
414,steve elliott
86,steve english
503,steve faragher
95,steve morrow
472,steve rados
239,steve rita
232,steven davis
402,storm oshyer
84,susan thomas-gitlin
283,takeo kobayashi
389,thomas collins
464,thomas knudsen
475,tiffany sorber
419,tim corrado
422,tim turner
30,tim vannatta
171,todd kruszka
220,todd neilsen
496,todd schwarz
353,tom allstot
21,tony mullinax
162,tony tamburrino
6,tony weeks
410,travis buesking
266,troy wincapaw
25,unknown judge
485,victor wolf
483,vito paolillo
229,wade vierra
177,wilfredo cintron
448,will fisher
365,will messer
443,zdenek ledvina
532,ziad harb
